No.,Section,Where it appears,When it shows,English,Notes for the translation,Draft Korean (UNREVIEWED),Why no draft,Her final Korean,Changed?,Key (leave as it is)
1,"The privacy promise, and the gallery picker","The home screen: the small line with a lock beside it, at the bottom.","Always. Shown now, in English until reviewed.","Photos are never saved, and never sent anywhere. Only the writing on them is used; the photo is not kept.","Replaces the home screen line 사진은 저장하지 않아요. 글씨를 읽은 뒤 바로 지워요., which is untrue of a photo she picks from her own gallery. The current line promises photos are deleted after reading: true of the camera, untrue of a photo she already has, which the app must never delete. The promise underneath is the same for both: the photo is never kept and never sent; only the words are used. ""Nor sent"" is new and deliberate. Two sentences, or one? About the draft: From content-drafts/privacy-copy.draft.md, section 1.","사진은 저장하지도, 다른 곳으로 보내지도 않아요. 글씨만 읽어서 쓰고 사진은 남기지 않아요.",,"앱은 사진을 저장하지도, 다른 곳으로 보내지도 않아요. 사진 속 글씨만 읽어요.","=IF(I2="""","""",IF(G2="""",""written by her"",IF(EXACT(I2,G2),""same as draft"",""CHANGED"")))",privacy.home
2,"The privacy promise, and the gallery picker","The result screen, under a reading of a photo chosen from her gallery: a small line below the medicine's details, above the 내 약으로 등록하기 (Add to my medicines) button.","After reading a photo she chose, in place of 사진은 지웠어요 (The photo has been deleted).","The photo you chose is left as it is. Only the writing is read, and your photo is not deleted.","Under a reading of a photo chosen from the gallery, instead of 사진은 지웠어요 (The photo has been deleted). The ""not deleted"" is the point: someone told the app deletes photos may fear it will delete hers. Does the wording clearly mean ""left untouched"", and not ""left lying around""? About the draft: From content-drafts/privacy-copy.draft.md, section 2.","고르신 사진은 그대로 둬요. 글씨만 읽고, 사진은 지우지 않아요.",,고르신 사진은 지우지 않고 휴대폰에 그대로 뒀어요. 사진 속 글씨만 읽었어요.,"=IF(I3="""","""",IF(G3="""",""written by her"",IF(EXACT(I3,G3),""same as draft"",""CHANGED"")))",privacy.pickedPhoto
3,"The privacy promise, and the gallery picker",On an iPhone: the phone's own question asking to let the app use the camera. Not on Android.,"The first time the app asks for the camera, on an iPhone.",The camera is used to read the writing on your medicine bottle. Photos are not saved or sent.,"The iPhone's own camera question. Not shown on Android, which words its camera question itself. Written in 합니다체, not the app's 해요체, because it sits among the phone's own formal wording. Is that right, or should it match the app? The current wording is 약병의 글씨를 읽기 위해 카메라를 사용합니다. 사진은 저장하지 않습니다.; only the second sentence changes. About the draft: From content-drafts/privacy-copy.draft.md, section 3.",약병의 글씨를 읽기 위해 카메라를 사용합니다. 사진은 저장하거나 보내지 않습니다.,,약병의 글씨를 읽기 위해 카메라를 사용합니다. 사진은 저장하거나 다른 곳으로 보내지 않습니다.,"=IF(I4="""","""",IF(G4="""",""written by her"",IF(EXACT(I4,G4),""same as draft"",""CHANGED"")))",privacy.cameraPermission
4,"The privacy promise, and the gallery picker","The home screen: a row in the list under the 약 사진 찍기 (Take a photo of your medicine) button, between 내 약 보기 (See my medicines) and 설정 (Settings).","Always: the gallery picker is in the app, in English until reviewed.",Choose a photo from your phone,"Home screen button that opens her photos. Opens her photos, to read a label from a photo she already took. Her photos are never changed or deleted. About the draft: ""휴대폰에 있는"" rather than 갤러리, which is only what some phones call their photos app.",휴대폰에 있는 사진 고르기,,휴대폰에 있는 사진 고르기,"=IF(I5="""","""",IF(G5="""",""written by her"",IF(EXACT(I5,G5),""same as draft"",""CHANGED"")))",privacy.choosePhoto
5,"The privacy promise, and the gallery picker","Introduction, screen 2 (약 목록은 이 휴대폰에만 있어요): the third statement, beside a camera icon.","The first time the app is opened. It replaces 사진은 글씨를 읽는 데만 쓰고, 읽은 뒤 바로 지워요.",Photos are used only to read the label. A photo taken in the app is deleted straight after; a photo you choose from your phone is left as it is.,"First-launch introduction, the ""your list stays on this phone"" step. Replaces 사진은 글씨를 읽는 데만 쓰고, 읽은 뒤 바로 지워요., which is untrue of a photo she picks from her own gallery. The current line says every photo is deleted after reading, which is untrue of a photo the user picks from their own phone: that one is left alone. Should agree with the gallery line (고르신 사진은 그대로 둬요) and with 사진은 지웠어요 after a camera photo. About the draft: Keeps her 사진은 글씨를 읽는 데만 쓰고 and the gallery draft's 그대로 둬요.","사진은 글씨를 읽는 데만 써요. 앱에서 찍은 사진은 읽은 뒤 바로 지우고, 휴대폰에서 고르신 사진은 그대로 둬요.",,"사진은 글씨를 읽는 데만 써요. 앱에서 찍은 사진은 읽은 뒤 바로 지우고, 휴대폰에서 고르신 사진은 지우지 않고 그대로 둬요.","=IF(I6="""","""",IF(G6="""",""written by her"",IF(EXACT(I6,G6),""same as draft"",""CHANGED"")))",privacy.onboardingPhotos
6,"The privacy promise, and the gallery picker","Introduction, screen 2: the fourth statement, beside a barcode icon.",The first time the app is opened. It replaces 바코드로 약을 찾을 때는 바코드 번호만 보내요. 약 목록이나 사진은 보내지 않아요.,"To identify a medicine and find its FDA label, the app sends the U.S. National Library of Medicine the medicine's barcode number, or its name as read from the label or typed in. It never sends your list or your photos.","First-launch introduction, the same step. Replaces 바코드로 약을 찾을 때는 바코드 번호만 보내요..., which no longer covers everything sent: a medicine read from a photo is now looked up by its name, and its FDA label fetched. What leaves the phone. It used to be only a barcode number; now a medicine read from a photo is looked up by its name, and its FDA label fetched, from the U.S. National Library of Medicine. Still never her list or her photos. About the draft: Built on her 바코드로 약을 찾을 때는 바코드 번호만 보내요. 약 목록이나 사진은 보내지 않아요.","약을 찾고 FDA 허가사항을 불러올 때는 바코드 번호나, 약병에서 읽었거나 직접 입력한 약 이름을 미국 국립의학도서관에 보내요. 약 목록이나 사진은 보내지 않아요.",,"어떤 약인지 확인하고 FDA 허가사항을 찾을 때는, 바코드 번호나 약 이름(약병에서 읽었거나 직접 입력하신 이름)을 미국 국립의학도서관에 보내요. 약 목록이나 사진은 보내지 않아요.","=IF(I7="""","""",IF(G7="""",""written by her"",IF(EXACT(I7,G7),""same as draft"",""CHANGED"")))",privacy.lookup
7,What a medicine is approved to treat,"The result screen after a photo or barcode, and a medicine's page: the heading of a box below the directions. Under it, in English, the words of the medicine's U.S. FDA label.","Whenever a medicine is shown, in every state of its box: above the label's text once it is found, and above the message shown while it is looked up or when it cannot be (uses.looking, uses.unidentified, uses.none, uses.unavailable).","What it is approved to treat, from its U.S. FDA label (in English)","SAFETY STRING: not drafted. The heading above the English text of a medicine's FDA label, saying what the text is and that it is in English. Under it, in English, the label's own words. A safety string, so no draft: yours from the start. It must say what the English under it is (what the FDA approved the medicine to treat, from its label) and that it is in English, because that text is not translated.",,"Safety string: left for her to write, and shown in English until she has.",미국 FDA가 허가한 효능 (허가사항 영어 원문),"=IF(I8="""","""",IF(G8="""",""written by her"",IF(EXACT(I8,G8),""same as draft"",""CHANGED"")))",uses.title
8,What a medicine is approved to treat,"The same box: an amber note directly under the heading, before the English text of the label, so it is read first.","Always, with the label's text, and above it.","A medicine may be prescribed for reasons other than those listed here. This is the indication the FDA approved, not your doctor's reason for prescribing it to you.","SAFETY STRING: not drafted. Always shown with the label's text, above it, so it is read first. It must not be softened into reassurance: their own medicine may be prescribed for something not listed (a vitamin D2 label lists rickets and hypoparathyroidism, not low vitamin D). A safety string, so no draft. It must not reassure. Two things, both plainly: a medicine may be prescribed for reasons other than those listed; and the text is what the FDA approved, not the reason their doctor prescribed it. Vitamin D2 is the example: its label lists rickets and hypoparathyroidism.",,"Safety string: left for her to write, and shown in English until she has.","이 약은 아래에 적힌 것과 다른 이유로도 처방될 수 있어요. 아래 내용은 FDA가 허가한 효능일 뿐, 의사 선생님이 이 약을 처방하신 이유를 알려 주는 것이 아니에요.","=IF(I9="""","""",IF(G9="""",""written by her"",IF(EXACT(I9,G9),""same as draft"",""CHANGED"")))",uses.disclaimer
9,What a medicine is approved to treat,"The same box, above the English text, for a medicine read from a photo (not a barcode).",When the medicine's name on the label was matched to a medicine.,Identified from its label as: {name},"Above the label's text, for a medicine read from a photo. {name} is its ingredient as RxNorm names it, in English, e.g. ergocalciferol; for a combination, its ingredients joined by "" / "". Under it, a small 미국 의약품 표준 정보(RxNorm) 기준 (per RxNorm), already reviewed.",약병 글씨로 찾은 약: {name},,약병 글씨로 찾은 약: {name},"=IF(I10="""","""",IF(G10="""",""written by her"",IF(EXACT(I10,G10),""same as draft"",""CHANGED"")))",uses.identifiedAs
10,What a medicine is approved to treat,"The same box, under the English text: which label it came from.",With the label's text.,From this label on DailyMed (U.S. National Library of Medicine): {title},"Under the label's text: which label it came from. {title} is the label's name, in English, e.g. ERGOCALCIFEROL CAPSULE [TORRENT PHARMACEUTICALS LIMITED]. Above it, a small 미국 FDA 허가사항 기준 (per the FDA-approved label), already reviewed. {title} is the label's name in English. About the draft: Ends like her 미국 FDA 허가사항에서 가져온 내용이에요 idea in dailymed-sections.draft.md, which she has not reviewed.",미국 국립의학도서관 DailyMed에 있는 이 허가사항에서 가져왔어요: {title},,미국 국립의학도서관 DailyMed에 있는 다음 허가사항에서 가져왔어요: {title},"=IF(I11="""","""",IF(G11="""",""written by her"",IF(EXACT(I11,G11),""same as draft"",""CHANGED"")))",uses.fromLabel
11,What a medicine is approved to treat,"The same box, beside a spinning circle, in place of the text.","For a moment, while the label is fetched.",Looking up its FDA label…,"While the label is fetched: a moment, usually.",FDA 허가사항을 찾고 있어요…,,FDA 허가사항을 찾고 있어요…,"=IF(I12="""","""",IF(G12="""",""written by her"",IF(EXACT(I12,G12),""same as draft"",""CHANGED"")))",uses.looking
12,What a medicine is approved to treat,"The same box, in place of the text.","When the whole name was read, but matched no medicine: a name not read whole shows uses.nameNotWhole instead.","This medicine could not be identified from what was read on its label, so what it is approved to treat is not shown.","In place of the label's text, when the medicine's name was not read clearly enough to be sure which medicine it is.","약병에서 읽은 글씨로는 어떤 약인지 알 수 없어서, 허가받은 효능을 보여 드리지 못해요.",,"약병에서 읽은 글씨로는 어떤 약인지 알 수 없어서, 허가받은 효능을 보여 드리지 못해요.","=IF(I13="""","""",IF(G13="""",""written by her"",IF(EXACT(I13,G13),""same as draft"",""CHANGED"")))",uses.unidentified
13,What a medicine is approved to treat,"The same box, in place of the text.",When the medicine is known but has no current FDA-approved label.,"No FDA-approved label was found for this medicine, so what it is approved to treat is not shown.","In place of the label's text, when the medicine is known but has no current FDA-approved label, as with some vitamins sold without approval.","이 약의 FDA 허가사항을 찾지 못해서, 허가받은 효능을 보여 드리지 못해요.",,"이 약의 FDA 허가사항을 찾지 못해서, 허가받은 효능을 보여 드리지 못해요.","=IF(I14="""","""",IF(G14="""",""written by her"",IF(EXACT(I14,G14),""same as draft"",""CHANGED"")))",uses.none
14,What a medicine is approved to treat,"The same box, in place of the text.","When the medicine is known by its name, but what was read of its bottle does not say it is a tablet or a capsule: it may be eye drops, an inhaler, a patch or an injection, or the word saying which was cut off.","What it is approved to treat is shown only for tablets and capsules, and this label does not say that it is one. Eye drops, inhalers and other forms have labels of their own, with other uses.","In place of the label's text, when the medicine is known by its name but its label does not say it is a tablet or a capsule: it may be eye drops, an inhaler, a patch or an injection, whose labels list other uses than its tablets' do, or the words saying which were not read. Why it matters: one medicine's forms have different labels. Timolol tablets are for blood pressure; timolol eye drops, for glaucoma. About the draft: 알약 for tablet and 캡슐 for capsule, the everyday words; the label itself says TABLET or CAPSULE in English.","허가받은 효능은 알약과 캡슐만 보여 드려요. 이 약병에는 알약이나 캡슐이라고 적혀 있지 않아요. 안약, 흡입기 같은 다른 형태의 약은 허가사항이 따로 있고, 효능도 달라요.",,"허가받은 효능은 알약이나 캡슐일 때만 보여 드려요. 약병에서 읽은 내용에는 알약이나 캡슐이라는 말이 없어요. 안약, 흡입기 등 다른 형태의 약은 허가사항이 따로 있고, 효능도 달라요.","=IF(I15="""","""",IF(G15="""",""written by her"",IF(EXACT(I15,G15),""same as draft"",""CHANGED"")))",uses.formUnknown
15,What a medicine is approved to treat,"The same box, in place of the text.","When the medicine is sold both on prescription and over the counter, and nothing read from the bottle says which: not a pharmacy's label (Rx number, refills, quantity, prescriber), nor an over-the-counter box's Drug Facts.","This medicine has a prescription label and an over-the-counter label, which list different uses, and what was read of the bottle does not show which it is.","In place of the label's text, when the medicine is sold both on prescription and over the counter, with different approved uses, and neither a pharmacy's label nor a Drug Facts panel was read. Why it matters: prescription esomeprazole is approved for more than the over-the-counter one, which is for frequent heartburn only. 처방약 for prescription, 일반의약품 for over the counter, as Korean pharmacies say.","이 약은 처방약 허가사항과 일반의약품 허가사항이 따로 있고, 효능이 서로 달라요. 약병에서 읽은 내용으로는 어느 쪽인지 알 수 없어요.",,"이 약은 처방약 허가사항과 일반의약품 허가사항이 따로 있고, 효능이 서로 달라요. 약병에서 읽은 내용으로는 어느 쪽인지 알 수 없어요.","=IF(I16="""","""",IF(G16="""",""written by her"",IF(EXACT(I16,G16),""same as draft"",""CHANGED"")))",uses.kindUnknown
16,What a medicine is approved to treat,"The same box, in place of the text, above the button uses.retry.","When the phone has no connection, or the service does not answer, whether identifying the medicine or fetching its label.","Its FDA label could not be reached just now. Check the connection, or try again in a while.","In place of the label's text, when there is no connection, or the service does not answer. Under it, the button uses.retry. About the draft: Not only a lost connection: the service itself may not answer, as failure.lookupUnavailable (잠시 뒤에 다시 시도해 주세요) says for a barcode.","지금은 FDA 허가사항을 불러오지 못했어요. 인터넷 연결을 확인하시거나, 잠시 뒤에 다시 시도해 주세요.",,"지금은 FDA 허가사항을 불러오지 못했어요. 인터넷 연결을 확인해 주시거나, 잠시 뒤에 다시 시도해 주세요.","=IF(I17="""","""",IF(G17="""",""written by her"",IF(EXACT(I17,G17),""same as draft"",""CHANGED"")))",uses.unavailable
17,What a medicine is approved to treat,"The same box, in place of the text.","When the medicine's name runs off the edge of the label, was not read clearly, or was not found: there is nothing to look up yet.","The medicine's name was not read whole, so it cannot be looked up yet. Type it as the bottle shows it, or take another photo.","In place of the label's text, when the name runs off the edge of the label, was not read clearly, or was not found. On the result screen, the typing box (nameEntry.prompt) is just above; on a medicine's page, the 고치기 (Edit) button.","약 이름을 다 읽지 못해서 아직 찾아볼 수 없어요. 약병에 적힌 대로 이름을 입력하시거나, 다시 찍어 주세요.",,"약 이름을 다 읽지 못해서 아직 찾아볼 수 없어요. 약병에 적힌 대로 약 이름을 입력해 주시거나, 사진을 다시 찍어 주세요.","=IF(I18="""","""",IF(G18="""",""written by her"",IF(EXACT(I18,G18),""same as draft"",""CHANGED"")))",uses.nameNotWhole
18,What a medicine is approved to treat,"The same box, above the English text, for a name the user typed.",When a typed name was matched to a medicine.,Identified from the name you typed as: {name},"Like uses.identifiedAs, but for a name the user typed from the bottle. {name} is its ingredient as RxNorm names it, in English. The same shape as uses.identifiedAs, which is for a name read from the label. About the draft: The same shape as the draft of uses.identifiedAs, 약병 글씨로 찾은 약: {name}.",입력하신 이름으로 찾은 약: {name},,입력하신 이름으로 찾은 약: {name},"=IF(I19="""","""",IF(G19="""",""written by her"",IF(EXACT(I19,G19),""same as draft"",""CHANGED"")))",uses.identifiedTypedAs
19,What a medicine is approved to treat,"The same box, in place of the text.","When a typed name matches no medicine word for word, as a misspelling does.",No medicine has exactly the name typed. Check each word against the bottle.,"In place of the label's text, when a typed name matches no medicine word for word. A misspelling is not corrected: it matches nothing.",입력하신 이름과 똑같은 약이 없어요. 한 단어씩 약병과 비교해 주세요.,,입력하신 이름과 똑같은 약이 없어요. 한 단어씩 약병에 적힌 것과 비교해 보세요.,"=IF(I20="""","""",IF(G20="""",""written by her"",IF(EXACT(I20,G20),""same as draft"",""CHANGED"")))",uses.typedUnidentified
20,What a medicine is approved to treat,The same box: a button under uses.unavailable.,With uses.unavailable.,Look up the FDA label again,"Button under uses.unavailable. Not 다시 시도하기 (Try again): the medicine's page has that button for reminders already, and two buttons alike would not say which is which. Not the same words as 다시 시도하기 (Try again), which the reminders already use on the same page.",FDA 허가사항 다시 찾기,,FDA 허가사항 다시 찾기,"=IF(I21="""","""",IF(G21="""",""written by her"",IF(EXACT(I21,G21),""same as draft"",""CHANGED"")))",uses.retry
21,Reading a label: the result screen,"The result screen, just under the medicine name and strength: above a typing box, prefilled with what was read.","When the name was cut off at the edge, not read clearly, or not found.","Type the medicine's name as the bottle shows it, to look it up.","Result screen, under the medicine name, when the name was cut off, not read clearly, or not found. Above a typing box, prefilled with what was read.",약을 찾아보려면 약병에 적힌 대로 약 이름을 입력해 주세요.,,약을 찾아보려면 약병에 적힌 대로 약 이름을 입력해 주세요.,"=IF(I22="""","""",IF(G22="""",""written by her"",IF(EXACT(I22,G22),""same as draft"",""CHANGED"")))",nameEntry.prompt
22,Reading a label: the result screen,The same: the button under the typing box.,With nameEntry.prompt.,Look it up,Button under the typing box.,찾아보기,,찾아보기,"=IF(I23="""","""",IF(G23="""",""written by her"",IF(EXACT(I23,G23),""same as draft"",""CHANGED"")))",nameEntry.submit
23,Reading a label: the result screen,"Under the medicine name, once the user has typed it.","After a name is typed: it says the name came from them, not the photo.",Typed by you from the bottle,"Under the medicine name, once the user has typed it, so it is clear the name came from them and not from the photo.",약병을 보고 직접 입력하신 이름이에요,,약병을 보고 직접 입력하신 이름이에요,"=IF(I24="""","""",IF(G24="""",""written by her"",IF(EXACT(I24,G24),""same as draft"",""CHANGED"")))",nameEntry.typedNote
24,Filling in the missing part,The fill-in screen: an amber warning above the Check button.,"After pressing Check, if an answer leaves out the start of a word that the camera did see, e.g. ""7"" typed where the box held ""eve"" (of ""every 7"").","The camera saw how this word starts: ""{read}"". Keep those letters, and type the rest from the bottle.","After Check, when an answer drops the start of a word cut off at the edge, e.g. 7 typed over eve (of every). {read} is the letters the camera saw. It tells the reader to keep the letters already in the box and add the rest. {read} is shown exactly as the camera read it. About the draft: Written without a particle after ""{read}"", which is whatever letters the camera saw.","카메라가 읽은 앞부분: ""{read}"". 이 글자는 그대로 두고, 나머지를 약병을 보고 입력해 주세요.",,"카메라가 이 단어의 앞부분을 읽었어요: ""{read}"". 이 글자는 그대로 두고, 나머지를 약병을 보고 입력해 주세요.","=IF(I25="""","""",IF(G25="""",""written by her"",IF(EXACT(I25,G25),""same as draft"",""CHANGED"")))",fillIn.keepStart
25,Filling in the missing part,"The fill-in screen: a small heading in a grey box under the boxes, above the directions as they will read.","Always, on that screen; the text under it changes as the reader types.",It will read:,"Above the directions as they stand while the reader types, her words marked. About the draft: A short heading above the directions as they will read once her words are in.",입력하면 이렇게 돼요:,,미리 보기:,"=IF(I26="""","""",IF(G26="""",""written by her"",IF(EXACT(I26,G26),""same as draft"",""CHANGED"")))",fillIn.preview
26,Filling in the missing part,The fill-in screen: an amber warning above the Check button.,"After pressing Check, if an answer repeats words that already follow its box, e.g. ""(50,000 units)"" typed where ""units)"" comes next.","""{words}"" is already there, right after the box. Type only what is missing.","After Check, when an answer repeats the words that follow its box, e.g. ""(50,000 units)"" typed where ""units)"" already follows. {words} is those words. About the draft: Written without a particle after ""{words}"", which is whatever words were repeated.","칸 바로 뒤에 이미 적혀 있는 글자예요: ""{words}"". 빠진 부분만 입력해 주세요.",,"칸 바로 뒤에 이미 적혀 있는 글자예요: ""{words}"". 빠진 부분만 입력해 주세요.","=IF(I27="""","""",IF(G27="""",""written by her"",IF(EXACT(I27,G27),""same as draft"",""CHANGED"")))",fillIn.repeatedAfter
27,Filling in the missing part,The fill-in screen: an amber warning above the Check button.,"After pressing Check, if an answer repeats words that already come just before its box.","""{words}"" is already there, just before the box. Type only what is missing.","The same, for words typed again that already come just before the box. About the draft: Written without a particle after ""{words}"".","칸 바로 앞에 이미 적혀 있는 글자예요: ""{words}"". 빠진 부분만 입력해 주세요.",,"칸 바로 앞에 이미 적혀 있는 글자예요: ""{words}"". 빠진 부분만 입력해 주세요.","=IF(I28="""","""",IF(G28="""",""written by her"",IF(EXACT(I28,G28),""same as draft"",""CHANGED"")))",fillIn.repeatedBefore
28,Filling in the missing part,The fill-in screen: an amber warning above the Check button.,"The same, for a word cut off at the start of a line, e.g. an answer that drops the ""ke"" of ""Take"".","The camera saw how this word ends: ""{read}"". Keep those letters, and type the start from the bottle.","The same, for a word cut off at the start of a line. {read} is the letters the camera saw, e.g. ke (of Take). About the draft: Written without a particle after ""{read}"".","카메라가 읽은 뒷부분: ""{read}"". 이 글자는 그대로 두고, 앞부분을 약병을 보고 입력해 주세요.",,"카메라가 이 단어의 뒷부분을 읽었어요: ""{read}"". 이 글자는 그대로 두고, 앞부분을 약병을 보고 입력해 주세요.","=IF(I29="""","""",IF(G29="""",""written by her"",IF(EXACT(I29,G29),""same as draft"",""CHANGED"")))",fillIn.keepEnd
29,"A medicine's page, and its reminders","A medicine's page, under its reminder times: an amber warning, with 설정 열기 (Open settings) under it. On the home screen, the body of 지금은 복용 알림이 울릴 수 없어요 (Your medicine reminders cannot sound right now).","When the phone's own settings have the reminders' sound turned off: they would still appear, silently.",Reminders will come without a sound: their sound is turned off in this app's notification settings.,"SAFETY STRING: not drafted. A medicine's page, and the home screen, when the phone's own settings have the reminders' sound off. Under it, 설정 열기 (Open settings). A safety string, so no draft: a reminder that does not sound is a missed dose. Beside it are her 복용 알림이 울릴 수 없어요. 이 앱의 알림이 꺼져 있어요. (notifications off) and 복용 알림이 늦게 울릴 수 있어요... (may be late).",,"Safety string: left for her to write, and shown in English until she has.",복용 알림이 소리 없이 와요. 이 앱의 알림 설정에서 알림 소리가 꺼져 있어요.,"=IF(I30="""","""",IF(G30="""",""written by her"",IF(EXACT(I30,G30),""same as draft"",""CHANGED"")))",reminders.statusSilent
30,"A medicine's page, and its reminders","A medicine's page, under its reminder times.","When the reminders are scheduled, but the app cannot tell whether Do Not Disturb will let them sound: in place of her 알림이 켜져 있어요. 다음 알림 시간: {time} (Reminders are on), which says more than the app knows.",Reminders are set. The next one is at {time}.,"A medicine's page, under its reminder times, in place of 알림이 켜져 있어요. 다음 알림 시간: {time} (Reminders are on...) when the app cannot tell that Do Not Disturb will let them sound. Under it, a warning saying so. {time} is written as elsewhere, e.g. 오전 8:00. ""Set"", not ""on"": they are scheduled, and may still be silenced. About the draft: The shape of her 알림이 켜져 있어요. 다음 알림 시간: {time}, with 설정되어 (set) for 켜져 (on).",알림이 설정되어 있어요. 다음 알림 시간: {time},,알림이 설정돼 있어요. 다음 알림 시간: {time},"=IF(I31="""","""",IF(G31="""",""written by her"",IF(EXACT(I31,G31),""same as draft"",""CHANGED"")))",reminders.statusSet
31,"A medicine's page, and its reminders","A medicine's page, under its reminder times.","As reminders.statusSet, when the phone gave no next time.",Reminders are set.,"As reminders.statusSet, where the phone gave no next time.",알림이 설정되어 있어요.,,알림이 설정돼 있어요.,"=IF(I32="""","""",IF(G32="""",""written by her"",IF(EXACT(I32,G32),""same as draft"",""CHANGED"")))",reminders.statusSetNoNext
32,"A medicine's page, and its reminders","A medicine's page, under reminders.statusSet: an amber warning, with reminders.letThroughDnd under it.","Android, when the reminders are not let through Do Not Disturb (방해 금지 모드), as on a phone where nobody has changed it.","Reminders will not sound while Do Not Disturb is on, and the phone does not tell this app when it will be on.","SAFETY STRING: not drafted. Android, a medicine's page, under reminders.statusSet: the reminders are not let through Do Not Disturb. Under it, the button reminders.letThroughDnd. A safety string, so no draft: a reminder silenced overnight by a Do Not Disturb schedule is a missed dose, and nothing on the phone shows it happened.",,"Safety string: left for her to write, and shown in English until she has.",방해 금지 모드가 켜져 있는 동안에는 복용 알림이 울리지 않아요. 방해 금지 모드가 언제 켜지는지 휴대폰이 이 앱에 알려 주지 않아요.,"=IF(I33="""","""",IF(G33="""",""written by her"",IF(EXACT(I33,G33),""same as draft"",""CHANGED"")))",reminders.statusDnd
33,"A medicine's page, and its reminders","A medicine's page, and the home screen as the body of 지금은 복용 알림이 울릴 수 없어요 (Your medicine reminders cannot sound right now).","Android, while Do Not Disturb is on and would silence the reminders.","Do Not Disturb is on now, so reminders will not sound until it is turned off.","SAFETY STRING: not drafted. Android, a medicine's page and the home screen, while Do Not Disturb is on and would silence the reminders. A safety string, so no draft.",,"Safety string: left for her to write, and shown in English until she has.","지금 방해 금지 모드가 켜져 있어서, 끌 때까지 복용 알림이 울리지 않아요.","=IF(I34="""","""",IF(G34="""",""written by her"",IF(EXACT(I34,G34),""same as draft"",""CHANGED"")))",reminders.statusDndNow
34,"A medicine's page, and its reminders","A medicine's page, under reminders.statusSet.","iPhone, always: a Focus (집중 모드), such as Do Not Disturb or Sleep, silences reminders unless the app is allowed in it, and the app cannot tell.","Reminders will not sound while a Focus, such as Do Not Disturb or Sleep, is on, unless this app is allowed in it. The phone does not tell this app.","SAFETY STRING: not drafted. iPhone, a medicine's page, under reminders.statusSet. There is no button: the app cannot open the Focus settings. A safety string, so no draft. There is no button under it.",,"Safety string: left for her to write, and shown in English until she has.","방해 금지 모드나 수면 같은 집중 모드가 켜져 있을 때, 그 집중 모드에서 이 앱을 허용하지 않았다면 복용 알림이 울리지 않아요. 집중 모드가 켜져 있는지 휴대폰이 이 앱에 알려 주지 않아요.","=IF(I35="""","""",IF(G35="""",""written by her"",IF(EXACT(I35,G35),""same as draft"",""CHANGED"")))",reminders.statusFocus
35,"A medicine's page, and its reminders",A button under reminders.statusDnd.,"Android, when the reminders are not let through Do Not Disturb.",Let reminders sound during Do Not Disturb,Button under reminders.statusDnd. Shows reminders.letThroughExplain before anything opens. Explains first (reminders.letThroughExplain); nothing opens until 계속하기 (Continue).,방해 금지 모드에서도 알림이 울리게 하기,,방해 금지 모드에서도 복용 알림이 울리게 하기,"=IF(I36="""","""",IF(G36="""",""written by her"",IF(EXACT(I36,G36),""same as draft"",""CHANGED"")))",reminders.letThroughDnd
36,"A medicine's page, and its reminders","Under reminders.letThroughDnd, once it is pressed, above 계속하기 (Continue) and 나중에 할게요 (Not now).","Before the phone's settings open, at the page for the reminders alone.","On the next screen, turn on the switch called ""Override Do Not Disturb"" (on some phones, ""Ignore Do Not Disturb""). Medicine reminders will then sound even when Do Not Disturb is on. Calls and other apps stay silenced.","Shown after reminders.letThroughDnd is pressed, before the phone's settings open. Under it, 계속하기 (Continue) and 나중에 할게요 (Not now). The switch's name depends on the phone: on Google's phones ""Override Do Not Disturb"", on Samsung's ""Ignore Do Not Disturb"". Worth checking the Korean name on a real phone. About the draft: 방해 금지 모드 무시 is a guess at the switch's Korean name; it differs by phone.",다음 화면에서 '방해 금지 모드 무시' 스위치를 켜 주세요. 휴대폰에 따라 이름이 조금 다를 수 있어요. 그러면 방해 금지 모드가 켜져 있어도 복용 알림이 울려요. 전화나 다른 앱의 알림은 그대로 조용해요.,,다음 화면에서 '방해 금지 모드 무시' 스위치를 켜 주세요. 휴대폰에 따라 이름이 조금 다를 수 있어요. 그러면 방해 금지 모드가 켜져 있어도 복용 알림은 울려요. 전화나 다른 앱의 알림은 계속 울리지 않아요.,"=IF(I37="""","""",IF(G37="""",""written by her"",IF(EXACT(I37,G37),""same as draft"",""CHANGED"")))",reminders.letThroughExplain
37,"A medicine's page, and its reminders","A medicine's page, near the bottom: the line under 등록 방법 (How it was added).",For a medicine that was read from a photo of its label.,Read from a photo of the label,"A medicine's page, under 등록 방법 (How it was added), for a medicine read from a photo. Beside 바코드로 찾음 (Found by barcode) and 직접 입력함 (Entered by hand); the first used to show, untruly, for photos too. About the draft: In the shape of her 바코드로 찾음 and 직접 입력함.",사진으로 읽음,,사진으로 읽음,"=IF(I38="""","""",IF(G38="""",""written by her"",IF(EXACT(I38,G38),""same as draft"",""CHANGED"")))",medications.sourcePhoto
38,Only when something goes wrong,"The camera screen: the message, with a 다시 시도하기 (Try again) button.",The camera itself would not open. No photo was taken.,The camera could not start.,"Camera screen, when the camera itself would not open. No photo was taken. Beside it: 다시 시도하기 (Try again). About the draft: The same words as her ""카메라를 켜지 못했어요"" on the sweep screen.",카메라를 켜지 못했어요.,,카메라를 켜지 못했어요.,"=IF(I39="""","""",IF(G39="""",""written by her"",IF(EXACT(I39,G39),""same as draft"",""CHANGED"")))",problem.cameraUnavailable
39,Only when something goes wrong,"The camera screen: the message, with only a 닫기 (Close) button.",The camera failed to open a second time in a row.,"The camera still could not start. Please close this, and try again later or restart your phone.","Camera screen, when the camera failed to open a second time. Only 닫기 (Close) is offered. About the draft: ""껐다가 다시 켜 주세요"" as in her correction to the lock screen message. In the style of her corrections to the first batch.","이번에도 카메라를 켜지 못했어요. 이 화면을 닫고, 나중에 다시 시도하시거나 휴대폰을 껐다가 다시 켜 주세요.",,"이번에도 카메라를 켜지 못했어요. 이 화면을 닫고, 나중에 다시 시도해 주시거나 휴대폰을 껐다가 다시 켜 주세요.","=IF(I40="""","""",IF(G40="""",""written by her"",IF(EXACT(I40,G40),""same as draft"",""CHANGED"")))",problem.cameraStillUnavailable
40,Heard only with the screen reader,"The typing box for the medicine name, on the result screen.",Read out when the box is reached.,"Medicine name, as the bottle shows it",Heard only with the screen reader: the name of the typing box.,약병에 적힌 약 이름,,약병에 적힌 약 이름,"=IF(I41="""","""",IF(G41="""",""written by her"",IF(EXACT(I41,G41),""same as draft"",""CHANGED"")))",nameEntry.inputLabel
41,Not on screen yet: Korean names and directions,"The result screen and a medicine's page: a small line under the Korean directions, which sit under the English ones.","Once she has approved the dosing phrases, for directions made wholly of approved phrases. Not yet.",Korean from reviewed phrases. The English above is what the pharmacy printed.,"Under the directions, beside their Korean, which is built only from phrases she has approved. It says the Korean was put together from phrases she reviewed, and that the English is the original.",검토를 거친 문구로 옮긴 한국어예요. 위의 영어가 약국에서 인쇄한 원문이에요.,,검토를 거친 문구로 옮긴 한국어예요. 위의 영어가 약국에서 인쇄한 원문이에요.,"=IF(I42="""","""",IF(G42="""",""written by her"",IF(EXACT(I42,G42),""same as draft"",""CHANGED"")))",guidance.perReviewedPhrases
