No.,Section,Where it appears,When it shows,English,Notes for the translation,Draft Korean (UNREVIEWED),Why no draft,Reviewer's final Korean,Changed?,Key (leave as it is)
1,Reading a label: the result screen,"Result screen, after a photo of a label: the heading of an amber notice near the top.",The photo shows lines of text running out of sight round a curved bottle.,The label curves round the bottle,Explains why part of the label could not be read. Calm and factual; it is not the user's fault.,약병이 둥글어서 글씨 일부가 가려졌어요,,약병이 둥글어서 글씨 일부가 가려졌어요,"=IF(I2="""","""",IF(G2="""",""written by the reviewer"",IF(EXACT(I2,G2),""same as draft"",""CHANGED"")))",result.curved.title
2,Reading a label: the result screen,"Result screen: the text of the same amber notice, under its heading.",The lines are cut off on the right-hand side.,"The ends of some lines are out of sight on the right, round the curve. More light will not help. Turn the bottle slowly so that side faces you, and take another photo.","Shown when lines are cut at the right edge. ""Turn the bottle"" means rotate it in the hand. ""Take another photo"" should match the button below it, 다시 찍기 (Take another photo).",몇몇 줄의 끝부분이 오른쪽으로 돌아가서 보이지 않아요. 불을 밝게 해도 나아지지 않아요. 그쪽이 보이도록 약병을 천천히 돌린 뒤 다시 찍어 주세요.,,몇몇 줄의 끝부분이 약병의 곡면을 따라 오른쪽으로 넘어가서 보이지 않아요. 불을 더 밝게 해도 나아지지 않아요. 오른쪽이 보이도록 약병을 천천히 돌린 뒤 다시 찍어 주세요.,"=IF(I3="""","""",IF(G3="""",""written by the reviewer"",IF(EXACT(I3,G3),""same as draft"",""CHANGED"")))",result.curved.right
3,Reading a label: the result screen,"Result screen: the text of the same amber notice, under its heading.",The lines are cut off on the left-hand side (their beginnings are missing).,"The starts of some lines are out of sight on the left, round the curve. More light will not help. Turn the bottle slowly so that side faces you, and take another photo.",The mirror of the right-hand version; the two should read alike.,몇몇 줄의 앞부분이 왼쪽으로 돌아가서 보이지 않아요. 불을 밝게 해도 나아지지 않아요. 그쪽이 보이도록 약병을 천천히 돌린 뒤 다시 찍어 주세요.,,몇몇 줄의 앞부분이 약병의 곡면을 따라 왼쪽으로 넘어가서 보이지 않아요. 불을 더 밝게 해도 나아지지 않아요. 왼쪽이 보이도록 약병을 천천히 돌린 뒤 다시 찍어 주세요.,"=IF(I4="""","""",IF(G4="""",""written by the reviewer"",IF(EXACT(I4,G4),""same as draft"",""CHANGED"")))",result.curved.left
4,Reading a label: the result screen,Result screen: one more line inside the same amber notice.,Only the directions were cut off; the name and strength were read in full.,The medicine name and strength were read in full.,Reassurance. The fields on this screen are labelled 약 이름 (Medicine name) and 용량 (Dose).,약 이름과 용량은 모두 읽었어요.,,약 이름과 용량은 모두 읽었어요.,"=IF(I5="""","""",IF(G5="""",""written by the reviewer"",IF(EXACT(I5,G5),""same as draft"",""CHANGED"")))",result.curved.restWhole
5,Reading a label: the result screen,"Result screen: shown in place of one field, usually the directions, which are labelled 복용 방법 (How to take it).","That field runs round the curve of the bottle, so its end could not be seen.",The end of this line is out of sight round the curve of the bottle. Please read it on the bottle itself.,"Replaces ""the letters are broken"" for a line cut at the curve. Tells the user to read that part on the bottle instead.",,"A safety warning, left for the reviewer to write, as agreed: it stands in place of the directions, and tells the reader they are incomplete and to read the bottle.",이 줄의 끝부분이 약병의 곡면에 가려 보이지 않아요. 이 부분은 약병에서 직접 읽어 주세요.,"=IF(I6="""","""",IF(G6="""",""written by the reviewer"",IF(EXACT(I6,G6),""same as draft"",""CHANGED"")))",result.curved.fieldNote
6,Reading a label: the result screen,Result screen: shown in place of one field.,"A line stops at the edge of the photo, but the label was not judged to be curved.",The end of this line may be missing. Please read it on the bottle itself.,For one line that stops at the edge of the photo. Must not mention a curve.,,"A safety warning, left for the reviewer to write, as agreed: it stands in place of a line that may be incomplete, and tells the reader to read the bottle.",이 줄의 끝부분이 빠졌을 수 있어요. 이 부분은 약병에서 직접 읽어 주세요.,"=IF(I7="""","""",IF(G7="""",""written by the reviewer"",IF(EXACT(I7,G7),""same as draft"",""CHANGED"")))",result.curved.edgeNote
7,Reading a label: the result screen,Result screen: a large button just under the curved-label notice.,"The curved-label notice is shown, on Android phones.",Read it while turning the bottle,"Button under the curved-label message. Opens the camera again to read the label while the user slowly turns the bottle in their hand. A short action, like the other buttons.",약병을 돌리면서 읽기,,약병을 돌리면서 읽기,"=IF(I8="""","""",IF(G8="""",""written by the reviewer"",IF(EXACT(I8,G8),""same as draft"",""CHANGED"")))",sweep.start
8,Reading a label: the result screen,Result screen: a button under the medicine's details.,A field was found but could not be read in full: a word is broken or cut off.,Fill in the missing part,Button under a field that could not be read in full. Opens a screen where the user types just the missing words from the bottle (next section).,빠진 부분 채우기,,빠진 부분 채우기,"=IF(I9="""","""",IF(G9="""",""written by the reviewer"",IF(EXACT(I9,G9),""same as draft"",""CHANGED"")))",fillIn.start
9,Reading a label: the result screen,"Result screen: shown where the ""Add to my medicines"" button (내 약으로 등록하기) would be.","The medicine name could not be read, so the reading cannot be saved.","The medicine name could not be read, so it cannot be added. Please take another photo.","""Take another photo"" should match the button 다시 찍기.",약 이름을 읽지 못해서 등록할 수 없어요. 다시 찍어 주세요.,,약 이름을 읽지 못해서 등록할 수 없어요. 다시 찍어 주세요.,"=IF(I10="""","""",IF(G10="""",""written by the reviewer"",IF(EXACT(I10,G10),""same as draft"",""CHANGED"")))",failure.nameUnreadable
10,Filling in the missing part,The fill-in screen: its heading.,"After pressing ""Fill in the missing part"" on the result screen.",Fill in what the bottle says,,약병에 적힌 대로 채워 주세요,,약병에 적힌 대로 채워 주세요,"=IF(I11="""","""",IF(G11="""",""written by the reviewer"",IF(EXACT(I11,G11),""same as draft"",""CHANGED"")))",fillIn.title
11,Filling in the missing part,The fill-in screen: the instruction under the heading.,"Always, on that screen.","Check each box against the bottle in your hand, and type only what is missing or wrong.","Below it the line is shown as the camera read it, with a box wherever a word is missing or broken. The boxes start with what the camera read, so the user corrects them.","칸마다 손에 든 약병과 비교해 보시고, 빠졌거나 틀린 부분만 입력해 주세요.",,"칸마다 손에 든 약병과 비교해 보시고, 빠졌거나 틀린 부분만 입력해 주세요.","=IF(I12="""","""",IF(G12="""",""written by the reviewer"",IF(EXACT(I12,G12),""same as draft"",""CHANGED"")))",fillIn.body
12,Filling in the missing part,The fill-in screen: the button under the boxes.,"Always, on that screen.",Check,"Button. Checks whether the typed words make the directions complete. About the draft: 확인 alone is the Done button elsewhere, so this says 맞는지 확인하기.",맞는지 확인하기,,맞는지 확인하기,"=IF(I13="""","""",IF(G13="""",""written by the reviewer"",IF(EXACT(I13,G13),""same as draft"",""CHANGED"")))",fillIn.check
13,Filling in the missing part,The fill-in screen: an amber warning above the Check button.,"After pressing Check, if the result still does not read as complete.",That still does not read in full. Please check each box against the bottle.,,아직 빠진 부분이 있어요. 칸마다 약병과 다시 비교해 주세요.,,아직 빠진 부분이 있어요. 칸마다 약병과 다시 비교해 주세요.,"=IF(I14="""","""",IF(G14="""",""written by the reviewer"",IF(EXACT(I14,G14),""same as draft"",""CHANGED"")))",fillIn.stillIncomplete
14,Filling in the missing part,"The next step of the fill-in screen: its heading, above the completed text.","After pressing Check, when the result reads as complete.",Is this what the bottle says?,Asks the user to compare the completed text with the bottle before it is used.,약병에 적힌 내용과 같은가요?,,약병에 적힌 내용과 같은가요?,"=IF(I15="""","""",IF(G15="""",""written by the reviewer"",IF(EXACT(I15,G15),""same as draft"",""CHANGED"")))",fillIn.confirmTitle
15,Filling in the missing part,Under the completed text: the main button.,On that confirmation step.,"Yes, that is right","Button. Accepts the text. Compare the reviewed 맞아요, 확인했어요 (Yes, I checked it) used on a medicine's page.","네, 맞아요",,"네, 맞아요","=IF(I16="""","""",IF(G16="""",""written by the reviewer"",IF(EXACT(I16,G16),""same as draft"",""CHANGED"")))",fillIn.confirmYes
16,Filling in the missing part,Under the completed text: the second button.,On that confirmation step.,Change it,Button. Goes back to the boxes to change what was typed.,다시 고치기,,다시 고치기,"=IF(I17="""","""",IF(G17="""",""written by the reviewer"",IF(EXACT(I17,G17),""same as draft"",""CHANGED"")))",fillIn.confirmNo
17,Filling in the missing part,Result screen: a small blue notice near the top.,After the user's typed words were accepted.,You filled in part of this from the bottle.,"A reminder that part of what is shown came from the user's typing, not from the camera.",일부는 약병을 보고 직접 입력하신 내용이에요.,,일부는 약병을 보고 직접 입력하신 내용이에요.,"=IF(I18="""","""",IF(G18="""",""written by the reviewer"",IF(EXACT(I18,G18),""same as draft"",""CHANGED"")))",fillIn.filledNote
18,Reading the label while turning the bottle,"The camera screen for reading while turning: a banner at the top, over the camera view.",The whole time the camera is reading.,"The camera reads the label as you turn it. It keeps only the words, never a picture.",Shown the whole time the camera is reading. Must stay true: no picture is kept or taken. The ordinary camera screen's banner says 사진은 저장되지 않아요 (Photos are not saved); this one should sit comfortably beside it.,약병을 돌리는 동안 카메라가 글씨를 읽어요. 글씨만 남기고 사진은 남기지 않아요.,,약병을 돌리는 동안 카메라가 글씨를 읽어요. 글씨만 남기고 사진은 남기지 않아요.,"=IF(I19="""","""",IF(G19="""",""written by the reviewer"",IF(EXACT(I19,G19),""same as draft"",""CHANGED"")))",sweep.privacy
19,Reading the label while turning the bottle,The same camera screen: large text near the bottom.,The whole time the camera is reading.,"Hold the bottle in front of the camera and turn it slowly, all the way round.",,약병을 카메라 앞에 들고 천천히 한 바퀴 돌려 주세요.,,약병을 카메라 앞에 들고 천천히 한 바퀴 돌려 주세요.,"=IF(I20="""","""",IF(G20="""",""written by the reviewer"",IF(EXACT(I20,G20),""same as draft"",""CHANGED"")))",sweep.instructions
20,Reading the label while turning the bottle,The same camera screen: a status line under the instructions.,Before the camera has seen the label.,Point the camera at the label.,,카메라를 약병 글씨 쪽으로 비춰 주세요.,,카메라를 약병 글씨 쪽으로 비춰 주세요.,"=IF(I21="""","""",IF(G21="""",""written by the reviewer"",IF(EXACT(I21,G21),""same as draft"",""CHANGED"")))",sweep.waiting
21,Reading the label while turning the bottle,The same camera screen: the status line.,"While reading, when some lines are still cut off. It changes as the count goes down.",Keep turning slowly. {n} line(s) still cut off.,"{n} is a number of printed lines on the label. ""line(s)"": Korean needs no plural here.",천천히 계속 돌려 주세요. 아직 {n}줄이 잘려 있어요.,,천천히 계속 돌려 주세요. 아직 {n}줄이 잘려 있어요.,"=IF(I22="""","""",IF(G22="""",""written by the reviewer"",IF(EXACT(I22,G22),""same as draft"",""CHANGED"")))",sweep.progress
22,Reading the label while turning the bottle,The same camera screen: the status line.,"Every line is in view, but part of the text still cannot be read clearly.","All of it is in view, but part could not be read clearly. Hold it still for a moment, or stop and use what was read.",,"글씨는 모두 보이지만 일부를 또렷하게 읽지 못했어요. 잠시 그대로 들고 계시거나, 멈추고 지금까지 읽은 내용을 보세요.",,"글씨는 모두 보이지만 일부를 또렷하게 읽지 못했어요. 잠시 그대로 들고 계시거나, 멈추고 지금까지 읽은 내용을 확인해 주세요.","=IF(I23="""","""",IF(G23="""",""written by the reviewer"",IF(EXACT(I23,G23),""same as draft"",""CHANGED"")))",sweep.unclear
23,Reading the label while turning the bottle,The same camera screen: the status line.,"For a moment when everything has been read, just before the result is shown.",All read.,,다 읽었어요.,,다 읽었어요.,"=IF(I24="""","""",IF(G24="""",""written by the reviewer"",IF(EXACT(I24,G24),""same as draft"",""CHANGED"")))",sweep.allRead
24,Reading the label while turning the bottle,The same camera screen: a large button at the bottom.,Once some of the label has been read.,Stop and use what was read,Button. Ends the reading and shows what was read so far. Beside it is 취소 (Cancel).,멈추고 읽은 내용 보기,,멈추고 읽은 내용 보기,"=IF(I25="""","""",IF(G25="""",""written by the reviewer"",IF(EXACT(I25,G25),""same as draft"",""CHANGED"")))",sweep.stop
25,Reading the label while turning the bottle,The same camera screen: the status line.,The camera could not start.,The camera could not start. Please close this and try again.,"""Close this"" means the 취소 (Cancel) button beside it.",카메라를 켜지 못했어요. 이 화면을 닫고 다시 해 주세요.,,카메라를 켜지 못했어요. 이 화면을 닫고 다시 시도해 주세요.,"=IF(I26="""","""",IF(G26="""",""written by the reviewer"",IF(EXACT(I26,G26),""same as draft"",""CHANGED"")))",sweep.failed
26,Reading the label while turning the bottle,Result screen: a small blue notice near the top.,The reading stopped by itself after 20 seconds in which nothing new was read.,"The camera stopped, because nothing new was read for a while. This is what it read.",Shown above the reading when the sweep ended by itself. The screen changed without the user pressing anything; this says why.,한동안 새로 읽은 글씨가 없어서 카메라를 껐어요. 지금까지 읽은 내용이에요.,,한동안 새로 읽은 글씨가 없어서 카메라가 멈췄어요. 지금까지 읽은 내용이에요.,"=IF(I27="""","""",IF(G27="""",""written by the reviewer"",IF(EXACT(I27,G27),""same as draft"",""CHANGED"")))",sweep.stalled
27,Reading the label while turning the bottle,Result screen: the blue notice above the medicine's details.,After a reading made by turning the bottle.,This was read by the camera as you turned the bottle. Please compare it with the bottle once before saving.,"Replaces ""This was read from a photo..."" (사진으로 읽은 내용이에요...) above a reading made by turning the bottle, where no photo was taken. The same request as 사진으로 읽은 내용이에요. 저장하기 전에 약병과 한 번 비교해 주세요. (This was read from a photo...), which a photo reading shows; this one cannot say ""photo"".",약병을 돌리면서 카메라로 읽은 내용이에요. 저장하기 전에 약병과 한 번 비교해 주세요.,,약병을 돌리면서 카메라로 읽은 내용이에요. 저장하기 전에 약병과 한 번 비교해 주세요.,"=IF(I28="""","""",IF(G28="""",""written by the reviewer"",IF(EXACT(I28,G28),""same as draft"",""CHANGED"")))",sweep.compareWithBottle
28,Reading the label while turning the bottle,Result screen: a small line near the bottom.,After a reading made by turning the bottle.,No picture was taken. Only the words were kept.,"Shown under a reading made by turning the bottle, where a photo reading says the photo was deleted. Takes the place of 사진은 지웠어요 (The photo has been deleted), because no photo was taken at all.",사진은 찍지 않았어요. 글씨만 남겼어요.,,사진은 찍지 않았어요. 글씨만 남겼어요.,"=IF(I29="""","""",IF(G29="""",""written by the reviewer"",IF(EXACT(I29,G29),""same as draft"",""CHANGED"")))",sweep.nothingTaken
29,The first time the app is opened,The three introduction screens: a small label at the top of each.,"The first time the app is opened. It reads ""Step 1 of 3"", ""Step 2 of 3"", ""Step 3 of 3"".",Step {n} of {total},Small progress label above each screen. {n} and {total} are numbers.,{total}단계 중 {n}단계,,{total}단계 중 {n}단계,"=IF(I30="""","""",IF(G30="""",""written by the reviewer"",IF(EXACT(I30,G30),""same as draft"",""CHANGED"")))",onboarding.step
30,The first time the app is opened,"Introduction, screen 1: the heading.",The first time the app is opened.,Medicine Helper reads your medicine labels,"Title of the first screen. ""Medicine Helper"" is the app name, 약 도우미.",약 도우미가 약에 적힌 글씨를 읽어 드려요,,약 도우미가 약에 적힌 글씨를 읽어 드려요,"=IF(I31="""","""",IF(G31="""",""written by the reviewer"",IF(EXACT(I31,G31),""same as draft"",""CHANGED"")))",onboarding.welcomeTitle
31,The first time the app is opened,"Introduction, screen 1: the main text under the heading.",The first time the app is opened.,"Take a photo of a medicine label, or scan the barcode on the box. The app reads the name, the strength and the directions, and keeps a list of your medicines.","""The strength"" is the field labelled 용량 (Dose); ""the directions"" is 복용 방법 (How to take it).","약병의 글씨를 사진으로 찍거나, 약 상자의 바코드를 비춰 주세요. 약 이름과 용량, 복용 방법을 읽어 드리고, 내 약 목록으로 모아 둘게요.",,"약병의 글씨를 사진으로 찍거나, 약 상자의 바코드를 비춰 주세요. 약 이름과 용량, 복용 방법을 읽어 드리고, 내 약 목록으로 모아 둘게요.","=IF(I32="""","""",IF(G32="""",""written by the reviewer"",IF(EXACT(I32,G32),""same as draft"",""CHANGED"")))",onboarding.welcomeBody
32,The first time the app is opened,"Introduction, screen 1: smaller text under the main text.",The first time the app is opened.,"It can misread a label. Always compare what it shows with the bottle, and ask your pharmacist if you are unsure.","A caution, but a calm one: it should not frighten.",,"A safety warning, left for the reviewer to write, as agreed: the app's main caution: it can misread a label; compare with the bottle; ask the pharmacist.","약 도우미가 글씨를 잘못 읽을 수도 있어요. 화면에 나온 내용을 항상 약병과 비교해 보시고, 잘 모르시겠으면 약사에게 물어보세요.","=IF(I33="""","""",IF(G33="""",""written by the reviewer"",IF(EXACT(I33,G33),""same as draft"",""CHANGED"")))",onboarding.welcomeCheck
33,The first time the app is opened,"Introduction, screens 1 and 2: the main button.",The first time the app is opened.,Next,Button.,다음,,다음,"=IF(I34="""","""",IF(G34="""",""written by the reviewer"",IF(EXACT(I34,G34),""same as draft"",""CHANGED"")))",onboarding.next
34,The first time the app is opened,"Introduction, screen 2: the heading.",The first time the app is opened.,Your list stays on this phone,,약 목록은 이 휴대폰에만 있어요,,약 목록은 이 휴대폰에만 있어요,"=IF(I35="""","""",IF(G35="""",""written by the reviewer"",IF(EXACT(I35,G35),""same as draft"",""CHANGED"")))",onboarding.storageTitle
35,The first time the app is opened,"Introduction, screen 2: the first of four statements in a box, beside a lock icon.",The first time the app is opened.,"Your medicines are saved only on this phone, locked so that only you can open them.",,"약 정보는 이 휴대폰에만 저장되고, 본인만 열 수 있게 잠겨 있어요.",,"약 정보는 이 휴대폰에만 저장되고, 본인만 열 수 있게 잠겨 있어요.","=IF(I36="""","""",IF(G36="""",""written by the reviewer"",IF(EXACT(I36,G36),""same as draft"",""CHANGED"")))",onboarding.storageLocked
36,The first time the app is opened,"Introduction, screen 2: the second statement, beside a phone icon.",The first time the app is opened.,"They are not backed up anywhere. If you change or reset your phone, you will need to add your medicines again.",Must be unmistakable: this is the expectation users otherwise discover the hard way.,다른 곳에 따로 저장(백업)되지 않아요. 휴대폰을 바꾸거나 초기화하면 약을 다시 등록해야 해요.,,약 정보는 다른 곳에 따로 저장(백업)되지 않아요. 휴대폰을 바꾸거나 초기화하면 약을 다시 등록해야 해요.,"=IF(I37="""","""",IF(G37="""",""written by the reviewer"",IF(EXACT(I37,G37),""same as draft"",""CHANGED"")))",onboarding.storageNoBackup
37,The first time the app is opened,"Introduction, screen 2: the third statement, beside a camera icon.",The first time the app is opened.,"Photos are used only to read the label, and are deleted straight after.","After a photo is read, the app says 사진은 지웠어요 (The photo has been deleted); the two should agree.","사진은 글씨를 읽는 데만 쓰고, 읽은 뒤 바로 지워요.",,"사진은 글씨를 읽는 데만 쓰고, 읽은 뒤 바로 지워요.","=IF(I38="""","""",IF(G38="""",""written by the reviewer"",IF(EXACT(I38,G38),""same as draft"",""CHANGED"")))",onboarding.storagePhotos
38,The first time the app is opened,"Introduction, screen 2: the fourth statement, beside a barcode icon.",The first time the app is opened.,"To look up a barcode, the app sends only the barcode number, never your list or your photos.",The lookup goes to the US National Library of Medicine; the sentence need not name it.,바코드로 약을 찾을 때는 바코드 번호만 보내요. 약 목록이나 사진은 보내지 않아요.,,바코드로 약을 찾을 때는 바코드 번호만 보내요. 약 목록이나 사진은 보내지 않아요.,"=IF(I39="""","""",IF(G39="""",""written by the reviewer"",IF(EXACT(I39,G39),""same as draft"",""CHANGED"")))",onboarding.storageLookup
39,The first time the app is opened,"Introduction, screens 2 and 3: the second button, under the main one.",The first time the app is opened.,Back,Button.,이전,,이전,"=IF(I40="""","""",IF(G40="""",""written by the reviewer"",IF(EXACT(I40,G40),""same as draft"",""CHANGED"")))",onboarding.back
40,The first time the app is opened,"Introduction, screen 3: the heading.",The first time the app is opened.,The camera reads your labels,,카메라로 약 글씨를 읽어요,,카메라로 약 글씨를 읽어요,"=IF(I41="""","""",IF(G41="""",""written by the reviewer"",IF(EXACT(I41,G41),""same as draft"",""CHANGED"")))",onboarding.cameraTitle
41,The first time the app is opened,"Introduction, screen 3: the text under the heading.",The phone has not yet been asked whether the app may use the camera.,"Next, your phone will ask whether this app may use the camera. Choose Allow, so that you can photograph your medicines.","'Allow' should match the word on the phone's own permission button in Korean. The camera screen's own button for this is 네, 허용할게요 (Yes, allow the camera). About the draft: Android's camera question may offer '앱 사용 중에만 허용' rather than '허용': please match it to the reviewer's phone.",다음 화면에서 휴대폰이 이 앱의 카메라 사용을 허용할지 물어봐요. 약을 찍으려면 '허용'을 눌러 주세요.,,다음 화면에서 휴대폰이 이 앱의 카메라 사용을 허용할지 물어봐요. 약을 찍으려면 '앱 사용 중에만 허용'을 눌러 주세요.,"=IF(I42="""","""",IF(G42="""",""written by the reviewer"",IF(EXACT(I42,G42),""same as draft"",""CHANGED"")))",onboarding.cameraBody
42,The first time the app is opened,"Introduction, screen 3: the main button.",The phone has not yet been asked about the camera.,Continue,Button that opens the phone's camera permission question. Pressing it opens the phone's own question about the camera.,계속하기,,계속하기,"=IF(I43="""","""",IF(G43="""",""written by the reviewer"",IF(EXACT(I43,G43),""same as draft"",""CHANGED"")))",onboarding.askCamera
43,The first time the app is opened,"Introduction, screen 3: the second button. Also on a medicine's page, beside ""Continue"" when asking about notifications.","The phone has not yet been asked (about the camera, or notifications).",Not now,Button: skip the camera question for now. Skips the question for now; it can be answered later.,나중에 할게요,,나중에 할게요,"=IF(I44="""","""",IF(G44="""",""written by the reviewer"",IF(EXACT(I44,G44),""same as draft"",""CHANGED"")))",onboarding.notNow
44,The first time the app is opened,"Introduction, screen 3: the text under the heading.","The camera was already allowed (for example, when the app is installed again).",The camera is ready.,,카메라를 쓸 준비가 됐어요.,,카메라를 쓸 준비가 됐어요.,"=IF(I45="""","""",IF(G45="""",""written by the reviewer"",IF(EXACT(I45,G45),""same as draft"",""CHANGED"")))",onboarding.cameraReady
45,The first time the app is opened,"Introduction, screen 3: the text under the heading.","The camera was refused before, so the app cannot ask again.",The camera is off for now. You can turn it on later in your phone settings.,,지금은 카메라가 꺼져 있어요. 나중에 휴대폰 설정에서 켤 수 있어요.,,지금은 카메라가 꺼져 있어요. 나중에 휴대폰 설정에서 켤 수 있어요.,"=IF(I46="""","""",IF(G46="""",""written by the reviewer"",IF(EXACT(I46,G46),""same as draft"",""CHANGED"")))",onboarding.cameraOff
46,The first time the app is opened,"Introduction, screen 3: the main button.",The camera is already allowed or already refused. It ends the introduction and opens the app.,Start,Button that ends the introduction.,시작하기,,시작하기,"=IF(I47="""","""",IF(G47="""",""written by the reviewer"",IF(EXACT(I47,G47),""same as draft"",""CHANGED"")))",onboarding.start
47,A medicine's page: reminders,Each medicine's page: the heading of the reminders box.,"Always, on a medicine's page.",Reminders,Heading of the reminder section on a medicine's page.,복용 알림,,복용 알림,"=IF(I48="""","""",IF(G48="""",""written by the reviewer"",IF(EXACT(I48,G48),""same as draft"",""CHANGED"")))",reminders.title
48,A medicine's page: reminders,The reminders box: under the heading.,No reminder time has been set for this medicine.,No reminder is set for this medicine.,,이 약은 알림이 설정되어 있지 않아요.,,이 약은 알림이 설정되어 있지 않아요.,"=IF(I49="""","""",IF(G49="""",""written by the reviewer"",IF(EXACT(I49,G49),""same as draft"",""CHANGED"")))",reminders.none
49,A medicine's page: reminders,The reminders box: a button at the bottom.,"Always, unless a time is being chosen.",Add a reminder time,Button. Opens the time picker.,알림 시간 추가하기,,알림 시간 추가하기,"=IF(I50="""","""",IF(G50="""",""written by the reviewer"",IF(EXACT(I50,G50),""same as draft"",""CHANGED"")))",reminders.add
50,A medicine's page: reminders,"The time picker: the label of the hour row, which has a minus and a plus button.",While choosing a reminder time.,Hour,,시,,시,"=IF(I51="""","""",IF(G51="""",""written by the reviewer"",IF(EXACT(I51,G51),""same as draft"",""CHANGED"")))",reminders.hour
51,A medicine's page: reminders,The time picker: the label of the minute row.,While choosing a reminder time.,Minute,,분,,분,"=IF(I52="""","""",IF(G52="""",""written by the reviewer"",IF(EXACT(I52,G52),""same as draft"",""CHANGED"")))",reminders.minute
52,A medicine's page: reminders,The time picker: one of two choice buttons. Also part of every time written in the app.,"While choosing a reminder time, and wherever a time is shown.",AM,"Morning, as in 8:00 AM (오전).",오전,,오전,"=IF(I53="""","""",IF(G53="""",""written by the reviewer"",IF(EXACT(I53,G53),""same as draft"",""CHANGED"")))",reminders.am
53,A medicine's page: reminders,The time picker: the other choice button. Also part of every time written in the app.,"While choosing a reminder time, and wherever a time is shown.",PM,"Afternoon and evening, as in 8:00 PM (오후).",오후,,오후,"=IF(I54="""","""",IF(G54="""",""written by the reviewer"",IF(EXACT(I54,G54),""same as draft"",""CHANGED"")))",reminders.pm
54,A medicine's page: reminders,"Every reminder time in the app: the large time in the picker, the list of set times, the ""next one is at"" line, and the ready-made time buttons.",Wherever a reminder time is shown.,{h}:{mm} {period},"How every reminder time is written. {h} is 1-12, {mm} two digits, {period} is am/pm below. Korean usually puts the period first: {period} {h}:{mm}. This is a pattern, not a sentence: keep {h}, {mm} and {period} exactly as they are, and only put them in the order Korean uses. About the draft: Drafted in the Korean order, 오전 8:00, as the note suggests.",{period} {h}:{mm},,{period} {h}:{mm},"=IF(I55="""","""",IF(G55="""",""written by the reviewer"",IF(EXACT(I55,G55),""same as draft"",""CHANGED"")))",reminders.timeFormat
55,A medicine's page: reminders,"The time picker: a small label above four ready-made times (8:00 AM, 12:00 PM, 6:00 PM, 9:00 PM).",While choosing a reminder time.,Common times,,자주 쓰는 시간,,자주 쓰는 시간,"=IF(I56="""","""",IF(G56="""",""written by the reviewer"",IF(EXACT(I56,G56),""same as draft"",""CHANGED"")))",reminders.presets
56,A medicine's page: reminders,The time picker: the main button under it.,While choosing a reminder time.,Save this time,Button. Beside it is 취소 (Cancel). The app's general save button is 저장하기 (Save).,이 시간으로 저장하기,,이 시간으로 저장하기,"=IF(I57="""","""",IF(G57="""",""written by the reviewer"",IF(EXACT(I57,G57),""same as draft"",""CHANGED"")))",reminders.saveTime
57,A medicine's page: reminders,The reminders box: a small button beside each set time.,At least one time is set.,Remove,Button beside one reminder time. Removes that one time only. Removing a medicine from the list is 목록에서 지우기 (Remove from my list).,지우기,,지우기,"=IF(I58="""","""",IF(G58="""",""written by the reviewer"",IF(EXACT(I58,G58),""same as draft"",""CHANGED"")))",reminders.remove
58,A medicine's page: reminders,The reminders box: a heading that appears in it.,"The first time a reminder time is saved, before the phone asks about notifications.",Allow notifications for your reminders,,알림을 허용해 주세요,,알림을 허용해 주세요,"=IF(I59="""","""",IF(G59="""",""written by the reviewer"",IF(EXACT(I59,G59),""same as draft"",""CHANGED"")))",reminders.askTitle
59,A medicine's page: reminders,The reminders box: under that heading.,The first time a reminder time is saved.,"Next, your phone will ask whether this app may send notifications. Choose Allow, or reminders cannot sound. They never show the name of your medicine.","""Allow"" should match the word on the phone's own notification question. About the draft: Please match '허용' to the button in the notification question on the reviewer's phone.",다음 화면에서 휴대폰이 이 앱의 알림을 허용할지 물어봐요. '허용'을 눌러야 알림이 울려요. 알림에는 약 이름이 나오지 않아요.,,다음 화면에서 휴대폰이 이 앱의 알림을 허용할지 물어봐요. '허용'을 눌러야 알림이 울려요. 알림에는 약 이름이 나오지 않아요.,"=IF(I60="""","""",IF(G60="""",""written by the reviewer"",IF(EXACT(I60,G60),""same as draft"",""CHANGED"")))",reminders.askBody
60,A medicine's page: reminders,The reminders box: the main button under that text.,The first time a reminder time is saved.,Continue,"Button that opens the phone's notification permission question. Opens the phone's own question. Beside it is ""Not now"" (onboarding.notNow, in this batch).",계속하기,,계속하기,"=IF(I61="""","""",IF(G61="""",""written by the reviewer"",IF(EXACT(I61,G61),""same as draft"",""CHANGED"")))",reminders.askContinue
61,A medicine's page: reminders,"The reminders box: under the list of times, with a small spinning wheel.","For a moment, while the app checks the reminders with the phone.",Checking your reminders,,알림을 확인하고 있어요,,알림을 확인하고 있어요,"=IF(I62="""","""",IF(G62="""",""written by the reviewer"",IF(EXACT(I62,G62),""same as draft"",""CHANGED"")))",reminders.statusChecking
62,A medicine's page: reminders,The reminders box: a small line under the list of times.,Reminders are set and working.,Reminders are on. The next one is at {time}.,"{time} is written using the time pattern above, for example 8:00 AM. About the draft: Written as ""다음 알림 시간: {time}"" to avoid a particle after the time.",알림이 켜져 있어요. 다음 알림 시간: {time},,알림이 켜져 있어요. 다음 알림 시간: {time},"=IF(I63="""","""",IF(G63="""",""written by the reviewer"",IF(EXACT(I63,G63),""same as draft"",""CHANGED"")))",reminders.statusOn
63,A medicine's page: reminders,The reminders box: the same line.,"Reminders are working, but the time of the next one is not known.",Reminders are on.,,알림이 켜져 있어요.,,알림이 켜져 있어요.,"=IF(I64="""","""",IF(G64="""",""written by the reviewer"",IF(EXACT(I64,G64),""same as draft"",""CHANGED"")))",reminders.statusOnNoNext
64,A medicine's page: reminders,The reminders box: an amber warning.,"After pressing ""Save this time"", if that time is already set.",That time is already set for this medicine.,,이 약에 이미 같은 시간이 있어요.,,이 약에는 이 시간이 이미 설정되어 있어요.,"=IF(I65="""","""",IF(G65="""",""written by the reviewer"",IF(EXACT(I65,G65),""same as draft"",""CHANGED"")))",reminders.duplicate
65,A medicine's page: reminders,The reminders box: an amber warning.,"After pressing ""Save this time"", if the limit has been reached.",You can set up to {max} reminder times in all.,"{max} is a number (48), counted across all medicines.",알림 시간은 모두 합쳐 {max}개까지 정할 수 있어요.,,알림 시간은 모든 약을 합쳐 {max}개까지 정할 수 있어요.,"=IF(I66="""","""",IF(G66="""",""written by the reviewer"",IF(EXACT(I66,G66),""same as draft"",""CHANGED"")))",reminders.tooMany
66,A medicine's page: reminders,The reminders box: an amber warning.,Saving a reminder time failed.,The reminder was not saved. Please try again.,,알림을 저장하지 못했어요. 다시 시도해 주세요.,,알림을 저장하지 못했어요. 다시 시도해 주세요.,"=IF(I67="""","""",IF(G67="""",""written by the reviewer"",IF(EXACT(I67,G67),""same as draft"",""CHANGED"")))",reminders.saveFailed
67,A medicine's page: reminders,"The reminders box: an amber warning under the times. Also on the home screen, under the home warning below.","The phone may deliver reminders late, because an Android setting is off.","Reminders may arrive late. To make them come on time, allow ""Alarms & reminders"" for this app.","""Alarms & reminders"" is the name of the Android setting; match the Korean name on the phone.",,"A safety warning, left for the reviewer to write, as agreed: reminders may come late. If it reads as reassuring, a late dose goes unnoticed.",복용 알림이 늦게 울릴 수 있어요. 제시간에 울리게 하려면 이 앱의 '알람 및 리마인더'를 허용해 주세요.,"=IF(I68="""","""",IF(G68="""",""written by the reviewer"",IF(EXACT(I68,G68),""same as draft"",""CHANGED"")))",reminders.statusLate
68,A medicine's page: reminders,Inside that warning: a button.,With the warning above.,"Open ""Alarms & reminders""",Button that opens the Android setting. Opens that Android setting. Use the Korean name the phone gives the setting. About the draft: The setting is named 알람 및 리마인더 on the Android phones checked by the drafter only from memory: please match it to the reviewer's phone.,'알람 및 리마인더' 열기,,'알람 및 리마인더' 열기,"=IF(I69="""","""",IF(G69="""",""written by the reviewer"",IF(EXACT(I69,G69),""same as draft"",""CHANGED"")))",reminders.openAlarmSettings
69,A medicine's page: reminders,The reminders box: an amber warning. Also on the home screen.,"Notifications are turned off for this app, so reminders cannot sound.",Reminders cannot sound: notifications are turned off for this app.,,,"A safety warning, left for the reviewer to write, as agreed: reminders cannot sound at all. It must be unmistakable.",복용 알림이 울릴 수 없어요. 이 앱의 알림이 꺼져 있어요.,"=IF(I70="""","""",IF(G70="""",""written by the reviewer"",IF(EXACT(I70,G70),""same as draft"",""CHANGED"")))",reminders.statusBlocked
70,A medicine's page: reminders,Inside that warning: a button.,Notifications are off and the phone can still ask. Otherwise the button is 설정 열기 (Open settings).,Allow notifications,Button.,알림 허용하기,,알림 허용하기,"=IF(I71="""","""",IF(G71="""",""written by the reviewer"",IF(EXACT(I71,G71),""same as draft"",""CHANGED"")))",reminders.allow
71,A medicine's page: reminders,The reminders box: an amber warning. Also on the home screen.,The phone did not confirm that the reminders are set.,Your phone did not confirm your reminders. Please try again.,The button with it is 다시 시도하기 (Try again).,,"A safety warning, left for the reviewer to write, as agreed: the phone did not confirm the reminders, so they may not sound.",휴대폰에서 복용 알림이 설정됐는지 확인되지 않았어요. 다시 시도해 주세요.,"=IF(I72="""","""",IF(G72="""",""written by the reviewer"",IF(EXACT(I72,G72),""same as draft"",""CHANGED"")))",reminders.statusUnverified
72,A medicine's page: reminders,The home screen: the heading of an amber warning.,Only when reminders cannot sound. The reason (one of the three warnings above) appears under it.,Your medicine reminders cannot sound right now.,,,"A safety warning, left for the reviewer to write, as agreed: the home screen heading for the three reminder warnings above.",지금은 복용 알림이 울릴 수 없어요.,"=IF(I73="""","""",IF(G73="""",""written by the reviewer"",IF(EXACT(I73,G73),""same as draft"",""CHANGED"")))",reminders.homeWarning
73,"On the lock screen, and in the phone's settings","The reminder notification, on the phone's lock screen and notification list: its first line.",At each reminder time.,Time for your medicine,"The notification itself, shown on the lock screen. Must not name a medicine.",약 드실 시간이에요,,약 드실 시간이에요,"=IF(I74="""","""",IF(G74="""",""written by the reviewer"",IF(EXACT(I74,G74),""same as draft"",""CHANGED"")))",reminders.notificationTitle
74,"On the lock screen, and in the phone's settings",The reminder notification: its second line.,At each reminder time.,Open Medicine Helper to see which one.,"Notification body. ""Medicine Helper"" is 약 도우미. Deliberately does not name the medicine, since anyone can see a lock screen.",약 도우미를 열어서 어떤 약인지 확인해 주세요.,,약 도우미를 열어서 어떤 약인지 확인해 주세요.,"=IF(I75="""","""",IF(G75="""",""written by the reviewer"",IF(EXACT(I75,G75),""same as draft"",""CHANGED"")))",reminders.notificationBody
75,"On the lock screen, and in the phone's settings","The phone's Settings, under this app's notifications: the name of this kind of notification.",Only if the user goes into the phone's settings.,Medicine reminders,Shown in the phone's notification settings for this app.,복용 알림,,복용 알림,"=IF(I76="""","""",IF(G76="""",""written by the reviewer"",IF(EXACT(I76,G76),""same as draft"",""CHANGED"")))",reminders.channelName
76,"On the lock screen, and in the phone's settings",The phone's Settings: the description under that name.,Only if the user goes into the phone's settings.,Reminders to take your medicines.,,약 드실 시간을 알려 드려요.,,약 드실 시간을 알려 드려요.,"=IF(I77="""","""",IF(G77="""",""written by the reviewer"",IF(EXACT(I77,G77),""same as draft"",""CHANGED"")))",reminders.channelDescription
77,Only when something goes wrong,"After scanning a barcode: the message on screen, with a 다시 시도하기 (Try again) button.",The US medicine information service does not answer.,The medicine information service is not answering right now. Please try again later.,Shown when the internet works but the US lookup service does not; must not tell the user to check their connection.,약 정보 서비스가 지금 응답하지 않아요. 잠시 뒤에 다시 시도해 주세요.,,약 정보 서비스가 지금 응답하지 않아요. 잠시 뒤에 다시 시도해 주세요.,"=IF(I78="""","""",IF(G78="""",""written by the reviewer"",IF(EXACT(I78,G78),""same as draft"",""CHANGED"")))",failure.lookupUnavailable
78,Only when something goes wrong,After pressing 내 약으로 등록하기 (Add to my medicines): the message under the heading 저장하지 못했어요 (We could not save it).,Saving the medicine failed.,It was not added to your list. Please try again.,,내 약 목록에 추가되지 않았어요. 다시 시도해 주세요.,,내 약 목록에 추가되지 않았어요. 다시 시도해 주세요.,"=IF(I79="""","""",IF(G79="""",""written by the reviewer"",IF(EXACT(I79,G79),""same as draft"",""CHANGED"")))",failure.addNotSaved
79,Only when something goes wrong,The medicine list or a medicine's page: a full-screen heading.,"The list cannot be opened just now, for a reason expected to pass.",Your medicine list could not be opened just now,,지금은 약 목록을 열 수 없어요,,지금은 약 목록을 열 수 없어요,"=IF(I80="""","""",IF(G80="""",""written by the reviewer"",IF(EXACT(I80,G80),""same as draft"",""CHANGED"")))",failure.listUnavailableTitle
80,Only when something goes wrong,"Under that heading, with a 다시 시도하기 (Try again) button.",As above.,This is usually temporary. Please try again.,"Distinct from the permanent ""cannot be opened"" message: nothing is lost.",대개 잠시 뒤면 괜찮아져요. 다시 시도해 주세요.,,대개 잠시 뒤면 괜찮아져요. 다시 시도해 주세요.,"=IF(I81="""","""",IF(G81="""",""written by the reviewer"",IF(EXACT(I81,G81),""same as draft"",""CHANGED"")))",failure.listUnavailableBody
81,Only when something goes wrong,"A full screen, under the heading 저장된 약 정보를 열 수 없어요 (Your saved medicine information cannot be opened).",The list saved on this phone is damaged and cannot be read.,Your saved medicine list is damaged and cannot be opened. You will need to add your medicines again.,Saved data on this same phone that cannot be read — not the new-phone case.,저장된 약 목록이 손상되어 열 수 없어요. 약을 다시 등록해야 해요.,,저장된 약 목록이 손상되어 열 수 없어요. 약을 다시 등록해야 해요.,"=IF(I82="""","""",IF(G82="""",""written by the reviewer"",IF(EXACT(I82,G82),""same as draft"",""CHANGED"")))",failure.listDamagedBody
82,Only when something goes wrong,"A medicine's page, while editing: a message above the 저장하기 (Save) button.",Saving the changes failed.,Your changes were not saved. Please try again.,,고친 내용이 저장되지 않았어요. 다시 시도해 주세요.,,고친 내용이 저장되지 않았어요. 다시 시도해 주세요.,"=IF(I83="""","""",IF(G83="""",""written by the reviewer"",IF(EXACT(I83,G83),""same as draft"",""CHANGED"")))",failure.editNotSaved
83,Only when something goes wrong,A medicine's page: a message.,"After pressing 맞아요, 확인했어요 (Yes, I checked it), if that could not be saved.",It was not marked as checked. Please try again.,"""Marked as checked"" refers to that button.",확인 표시가 저장되지 않았어요. 다시 시도해 주세요.,,확인 표시가 저장되지 않았어요. 다시 시도해 주세요.,"=IF(I84="""","""",IF(G84="""",""written by the reviewer"",IF(EXACT(I84,G84),""same as draft"",""CHANGED"")))",failure.confirmNotSaved
84,Only when something goes wrong,A medicine's page: a message.,"After confirming 목록에서 지우기 (Remove from my list), if removing failed.",This medicine could not be removed. It is still on your list. Please try again.,,이 약을 지우지 못했어요. 아직 목록에 있어요. 다시 시도해 주세요.,,이 약을 지우지 못했어요. 아직 목록에 있어요. 다시 시도해 주세요.,"=IF(I85="""","""",IF(G85="""",""written by the reviewer"",IF(EXACT(I85,G85),""same as draft"",""CHANGED"")))",failure.removeFailed
85,Only when something goes wrong,"A full-screen heading, with a 닫기 (Close) button.",Opening a medicine that has already been removed.,This medicine is no longer on your list.,,이 약은 이제 목록에 없어요.,,이 약은 이제 목록에 없어요.,"=IF(I86="""","""",IF(G86="""",""written by the reviewer"",IF(EXACT(I86,G86),""same as draft"",""CHANGED"")))",failure.medicineGone
86,Only when something goes wrong,"The lock screen, or Settings > 비밀번호 바꾸기 (Change your PIN): a message above the number pad.",The saved PIN could not be checked. This is not a wrong PIN.,Your PIN could not be checked just now. Please try again.,This app calls the PIN 비밀번호.,지금은 비밀번호를 확인할 수 없어요. 다시 시도해 주세요.,,지금은 비밀번호를 확인할 수 없어요. 다시 시도해 주세요.,"=IF(I87="""","""",IF(G87="""",""written by the reviewer"",IF(EXACT(I87,G87),""same as draft"",""CHANGED"")))",failure.pinCheckFailed
87,Only when something goes wrong,Choosing a PIN when the app is first set up: a message above the number pad.,The new PIN could not be saved; the screen goes back to 비밀번호를 정해 주세요 (Please choose a PIN).,Your PIN could not be saved. Please choose it again.,,비밀번호를 저장하지 못했어요. 다시 정해 주세요.,,비밀번호를 저장하지 못했어요. 다시 정해 주세요.,"=IF(I88="""","""",IF(G88="""",""written by the reviewer"",IF(EXACT(I88,G88),""same as draft"",""CHANGED"")))",failure.pinNotSaved
88,Only when something goes wrong,Settings > 비밀번호 바꾸기 (Change your PIN): a message above the number pad.,The new PIN could not be saved.,Your PIN was not changed. Your old PIN still works. Please try again.,,비밀번호가 바뀌지 않았어요. 예전 비밀번호를 그대로 쓰시면 돼요. 다시 시도해 주세요.,,비밀번호가 바뀌지 않았어요. 예전 비밀번호를 그대로 쓰시면 돼요. 다시 시도해 주세요.,"=IF(I89="""","""",IF(G89="""",""written by the reviewer"",IF(EXACT(I89,G89),""same as draft"",""CHANGED"")))",failure.pinNotChanged
89,Only when something goes wrong,"The lock screen, or Settings > 비밀번호를 잊으셨나요? (Forgotten your PIN?): a message.","Opening the app with the phone's own lock (fingerprint, face or the phone's own code) failed.",Phone unlock did not work. Please try again.,,휴대폰 잠금으로 열지 못했어요. 다시 시도해 주세요.,,휴대폰 잠금으로 열지 못했어요. 다시 시도해 주세요.,"=IF(I90="""","""",IF(G90="""",""written by the reviewer"",IF(EXACT(I90,G90),""same as draft"",""CHANGED"")))",failure.deviceUnlockFailed
90,Only when something goes wrong,The same places: a message.,"The phone's own lock cannot be used right now, for example because it was turned off.","Phone unlock is not available right now. Check that your phone still has a screen lock, then try again.",,지금은 휴대폰 잠금을 쓸 수 없어요. 휴대폰에 화면 잠금이 설정되어 있는지 확인한 뒤 다시 시도해 주세요.,,지금은 휴대폰 잠금을 쓸 수 없어요. 휴대폰에 화면 잠금이 설정되어 있는지 확인한 뒤 다시 시도해 주세요.,"=IF(I91="""","""",IF(G91="""",""written by the reviewer"",IF(EXACT(I91,G91),""same as draft"",""CHANGED"")))",failure.deviceUnlockOff
91,Only when something goes wrong,"A full-screen heading when the app opens, with a 다시 시도하기 (Try again) button.","The app could not check the phone's lock, even after trying again.",Your phone's lock could not be checked,,휴대폰 잠금을 확인하지 못했어요,,휴대폰 잠금을 확인하지 못했어요,"=IF(I92="""","""",IF(G92="""",""written by the reviewer"",IF(EXACT(I92,G92),""same as draft"",""CHANGED"")))",failure.lockCheckFailedTitle
92,Only when something goes wrong,Under that heading.,As above.,"Please try again. If this keeps happening, restart your phone.",,다시 시도해 주세요. 계속 이러면 휴대폰을 다시 켜 주세요.,,다시 시도해 주세요. 계속 이러면 휴대폰을 껐다가 다시 켜 주세요.,"=IF(I93="""","""",IF(G93="""",""written by the reviewer"",IF(EXACT(I93,G93),""same as draft"",""CHANGED"")))",failure.lockCheckFailedBody
93,Only when something goes wrong,Settings > 내 정보 모두 지우기 (Erase everything): an amber warning heading.,Erasing stopped partway.,Erasing did not finish,,다 지우지 못했어요,,다 지우지 못했어요,"=IF(I94="""","""",IF(G94="""",""written by the reviewer"",IF(EXACT(I94,G94),""same as draft"",""CHANGED"")))",failure.eraseIncompleteTitle
94,Only when something goes wrong,Under that heading.,As above.,Some of your information may already be erased. Please try again to finish.,After a failed erase. Must not suggest the list is safe: part of it may already be gone.,일부 정보는 이미 지워졌을 수 있어요. 끝까지 지우려면 다시 시도해 주세요.,,일부 정보는 이미 지워졌을 수 있어요. 끝까지 지우려면 다시 시도해 주세요.,"=IF(I95="""","""",IF(G95="""",""written by the reviewer"",IF(EXACT(I95,G95),""same as draft"",""CHANGED"")))",failure.eraseIncompleteBody
95,Heard only with the screen reader,Spoken while typing a PIN on the number pad. Never shown.,"After each digit, for someone using the screen reader (TalkBack).",{n} of {total} digits entered,Spoken by the screen reader after each PIN digit. Never shown. {n} and {total} are numbers.,{total}자리 중 {n}자리 입력했어요,,{total}자리 중 {n}자리 입력했어요,"=IF(I96="""","""",IF(G96="""",""written by the reviewer"",IF(EXACT(I96,G96),""same as draft"",""CHANGED"")))",a11y.pinProgress
96,Heard only with the screen reader,Spoken for one box on the fill-in screen. Never shown.,When the screen reader reaches that box.,"Line {line}: what the camera read as ""{read}""","Spoken by the screen reader for one box. {read} is the text the camera saw, often broken. {line} is a line number; {read} is what the camera read there, often a broken word, and is read out as it is. About the draft: Written without a particle after ""{read}"", which is whatever broken text the camera saw.","{line}번째 줄, 카메라가 읽은 글자: ""{read}""",,"{line}번째 줄, 카메라가 읽은 글자: ""{read}""","=IF(I97="""","""",IF(G97="""",""written by the reviewer"",IF(EXACT(I97,G97),""same as draft"",""CHANGED"")))",fillIn.wordLabel
97,Heard only with the screen reader,Spoken for an empty box on the fill-in screen. Never shown.,When the screen reader reaches that box.,Line {line}: the missing number,"Spoken by the screen reader for an empty box. The box is for a missing number, as in ""every _ days"".","{line}번째 줄, 빠진 숫자",,"{line}번째 줄, 빠진 숫자","=IF(I98="""","""",IF(G98="""",""written by the reviewer"",IF(EXACT(I98,G98),""same as draft"",""CHANGED"")))",fillIn.insertLabel
98,Heard only with the screen reader,"Spoken for the ""Remove"" button beside a reminder time. Never shown.",When the screen reader reaches that button.,Remove the reminder at {time},Spoken by the screen reader for the Remove button. {time} is a time such as 8:00 AM.,{time} 알림 지우기,,{time} 알림 지우기,"=IF(I99="""","""",IF(G99="""",""written by the reviewer"",IF(EXACT(I99,G99),""same as draft"",""CHANGED"")))",reminders.removeLabel
99,Heard only with the screen reader,Spoken for the minus button in the time picker. Never shown.,When the screen reader reaches that button.,{field} earlier,"Screen reader label for the minus button; {field} is Hour or Minute. {field} will be the Korean for ""Hour"" or ""Minute"" from this batch. About the draft: Spoken as, e.g., ""시 줄이기"": the minus button moves the hour or minute earlier.",{field} 줄이기,,{field} 줄이기,"=IF(I100="""","""",IF(G100="""",""written by the reviewer"",IF(EXACT(I100,G100),""same as draft"",""CHANGED"")))",reminders.earlier
100,Heard only with the screen reader,Spoken for the plus button in the time picker. Never shown.,When the screen reader reaches that button.,{field} later,"Screen reader label for the plus button; {field} is Hour or Minute. {field} will be the Korean for ""Hour"" or ""Minute"" from this batch. About the draft: Spoken as, e.g., ""분 늘리기"": the plus button moves it later.",{field} 늘리기,,{field} 늘리기,"=IF(I101="""","""",IF(G101="""",""written by the reviewer"",IF(EXACT(I101,G101),""same as draft"",""CHANGED"")))",reminders.later
